Workbook

Sheet Queue
A1: Claims Queue Tracker (sample data is fictional)
A2: Report date: | B2: =TODAY()
A4: Ticket # | B4: Received | C4: Provider (fictional) | D4: Claim # | E4: Inquiry type | F4: CARC | G4: Expected $ | H4: Paid $ | I4: Variance $ | J4: Status | K4: SLA days | L4: Due date | M4: Closed | N4: Aging (days) | O4: SLA status | P4: Root cause | Q4: Notes
A5: TK-1001 | B5: 46293 | C5: Lakeside Family Clinic | D5: CLM-0000001 | E5: Denial | F5: 18 | G5: 150 | H5: 0 | I5: =IF(G5="","",G5-H5) | J5: Closed | K5: 5 | L5: =IF(B5="","",WORKDAY(B5,K5)) | M5: 46294 | N5: =IF(B5="","",IF(M5<>"",NETWORKDAYS(B5,M5)-1,NETWORKDAYS(B5,$B$2)-1)) | O5: =IF(B5="","",IF(M5<>"",IF(M5<=L5,"Met","Missed"),IF($B$2>L5,"Overdue",IF(L5-$B$2<=1,"Due soon","On track")))) | P5: Provider error | Q5: Duplicate of pended claim
A6: TK-1002 | B6: 46294 | C6: Northside Pediatrics | D6: CLM-0000002 | E6: Denial | F6: 22 | G6: 210 | H6: 0 | I6: =IF(G6="","",G6-H6) | J6: Closed | K6: 5 | L6: =IF(B6="","",WORKDAY(B6,K6)) | M6: 46296 | N6: =IF(B6="","",IF(M6<>"",NETWORKDAYS(B6,M6)-1,NETWORKDAYS(B6,$B$2)-1)) | O6: =IF(B6="","",IF(M6<>"",IF(M6<=L6,"Met","Missed"),IF($B$2>L6,"Overdue",IF(L6-$B$2<=1,"Due soon","On track")))) | P6: Correct adjudication | Q6: COB: other plan primary
A7: TK-1003 | B7: 46296 | C7: Riverbend PT | D7: CLM-0000003 | E7: Underpayment | F7: 45 | G7: 110 | H7: 80 | I7: =IF(G7="","",G7-H7) | J7: Escalated | K7: 10 | L7: =IF(B7="","",WORKDAY(B7,K7)) | N7: =IF(B7="","",IF(M7<>"",NETWORKDAYS(B7,M7)-1,NETWORKDAYS(B7,$B$2)-1)) | O7: =IF(B7="","",IF(M7<>"",IF(M7<=L7,"Met","Missed"),IF($B$2>L7,"Overdue",IF(L7-$B$2<=1,"Due soon","On track")))) | P7: Payer error | Q7: Fee schedule not updated
A8: TK-1004 | B8: 46297 | C8: Valley Imaging | D8: CLM-0000004 | E8: Denial | F8: 197 | G8: 950 | H8: 0 | I8: =IF(G8="","",G8-H8) | J8: Pending provider | K8: 10 | L8: =IF(B8="","",WORKDAY(B8,K8)) | N8: =IF(B8="","",IF(M8<>"",NETWORKDAYS(B8,M8)-1,NETWORKDAYS(B8,$B$2)-1)) | O8: =IF(B8="","",IF(M8<>"",IF(M8<=L8,"Met","Missed"),IF($B$2>L8,"Overdue",IF(L8-$B$2<=1,"Due soon","On track")))) | P8: Provider error | Q8: Auth for 73721, billed 73723
A9: TK-1005 | B9: 46300 | C9: Member inquiry | D9: CLM-0000005 | E9: Patient resp. | F9: 1 | G9: 400 | H9: 0 | I9: =IF(G9="","",G9-H9) | J9: Open | K9: 5 | L9: =IF(B9="","",WORKDAY(B9,K9)) | N9: =IF(B9="","",IF(M9<>"",NETWORKDAYS(B9,M9)-1,NETWORKDAYS(B9,$B$2)-1)) | O9: =IF(B9="","",IF(M9<>"",IF(M9<=L9,"Met","Missed"),IF($B$2>L9,"Overdue",IF(L9-$B$2<=1,"Due soon","On track")))) | P9: Payer error | Q9: Accumulator not updated
A10: TK-1006 | B10: 46301 | C10: Harbor Cardiology | D10: CLM-0000006 | E10: Claim status | G10: 320 | H10: 320 | I10: =IF(G10="","",G10-H10) | J10: Closed | K10: 3 | L10: =IF(B10="","",WORKDAY(B10,K10)) | M10: 46301 | N10: =IF(B10="","",IF(M10<>"",NETWORKDAYS(B10,M10)-1,NETWORKDAYS(B10,$B$2)-1)) | O10: =IF(B10="","",IF(M10<>"",IF(M10<=L10,"Met","Missed"),IF($B$2>L10,"Overdue",IF(L10-$B$2<=1,"Due soon","On track")))) | P10: Correct adjudication | Q10: Paid, EFT trace given
A11: TK-1007 | B11: 46302 | C11: Lakeside Family Clinic | D11: CLM-0000007 | E11: Denial | F11: 16 | G11: 175 | H11: 0 | I11: =IF(G11="","",G11-H11) | J11: Open | K11: 5 | L11: =IF(B11="","",WORKDAY(B11,K11)) | N11: =IF(B11="","",IF(M11<>"",NETWORKDAYS(B11,M11)-1,NETWORKDAYS(B11,$B$2)-1)) | O11: =IF(B11="","",IF(M11<>"",IF(M11<=L11,"Met","Missed"),IF($B$2>L11,"Overdue",IF(L11-$B$2<=1,"Due soon","On track")))) | P11: Provider error | Q11: Missing rendering NPI
I12: =IF(G12="","",G12-H12) | L12: =IF(B12="","",WORKDAY(B12,K12)) | N12: =IF(B12="","",IF(M12<>"",NETWORKDAYS(B12,M12)-1,NETWORKDAYS(B12,$B$2)-1)) | O12: =IF(B12="","",IF(M12<>"",IF(M12<=L12,"Met","Missed"),IF($B$2>L12,"Overdue",IF(L12-$B$2<=1,"Due soon","On track"))))
I13: =IF(G13="","",G13-H13) | L13: =IF(B13="","",WORKDAY(B13,K13)) | N13: =IF(B13="","",IF(M13<>"",NETWORKDAYS(B13,M13)-1,NETWORKDAYS(B13,$B$2)-1)) | O13: =IF(B13="","",IF(M13<>"",IF(M13<=L13,"Met","Missed"),IF($B$2>L13,"Overdue",IF(L13-$B$2<=1,"Due soon","On track"))))
I14: =IF(G14="","",G14-H14) | L14: =IF(B14="","",WORKDAY(B14,K14)) | N14: =IF(B14="","",IF(M14<>"",NETWORKDAYS(B14,M14)-1,NETWORKDAYS(B14,$B$2)-1)) | O14: =IF(B14="","",IF(M14<>"",IF(M14<=L14,"Met","Missed"),IF($B$2>L14,"Overdue",IF(L14-$B$2<=1,"Due soon","On track"))))
I15: =IF(G15="","",G15-H15) | L15: =IF(B15="","",WORKDAY(B15,K15)) | N15: =IF(B15="","",IF(M15<>"",NETWORKDAYS(B15,M15)-1,NETWORKDAYS(B15,$B$2)-1)) | O15: =IF(B15="","",IF(M15<>"",IF(M15<=L15,"Met","Missed"),IF($B$2>L15,"Overdue",IF(L15-$B$2<=1,"Due soon","On track"))))
I16: =IF(G16="","",G16-H16) | L16: =IF(B16="","",WORKDAY(B16,K16)) | N16: =IF(B16="","",IF(M16<>"",NETWORKDAYS(B16,M16)-1,NETWORKDAYS(B16,$B$2)-1)) | O16: =IF(B16="","",IF(M16<>"",IF(M16<=L16,"Met","Missed"),IF($B$2>L16,"Overdue",IF(L16-$B$2<=1,"Due soon","On track"))))
I17: =IF(G17="","",G17-H17) | L17: =IF(B17="","",WORKDAY(B17,K17)) | N17: =IF(B17="","",IF(M17<>"",NETWORKDAYS(B17,M17)-1,NETWORKDAYS(B17,$B$2)-1)) | O17: =IF(B17="","",IF(M17<>"",IF(M17<=L17,"Met","Missed"),IF($B$2>L17,"Overdue",IF(L17-$B$2<=1,"Due soon","On track"))))
I18: =IF(G18="","",G18-H18) | L18: =IF(B18="","",WORKDAY(B18,K18)) | N18: =IF(B18="","",IF(M18<>"",NETWORKDAYS(B18,M18)-1,NETWORKDAYS(B18,$B$2)-1)) | O18: =IF(B18="","",IF(M18<>"",IF(M18<=L18,"Met","Missed"),IF($B$2>L18,"Overdue",IF(L18-$B$2<=1,"Due soon","On track"))))
I19: =IF(G19="","",G19-H19) | L19: =IF(B19="","",WORKDAY(B19,K19)) | N19: =IF(B19="","",IF(M19<>"",NETWORKDAYS(B19,M19)-1,NETWORKDAYS(B19,$B$2)-1)) | O19: =IF(B19="","",IF(M19<>"",IF(M19<=L19,"Met","Missed"),IF($B$2>L19,"Overdue",IF(L19-$B$2<=1,"Due soon","On track"))))
I20: =IF(G20="","",G20-H20) | L20: =IF(B20="","",WORKDAY(B20,K20)) | N20: =IF(B20="","",IF(M20<>"",NETWORKDAYS(B20,M20)-1,NETWORKDAYS(B20,$B$2)-1)) | O20: =IF(B20="","",IF(M20<>"",IF(M20<=L20,"Met","Missed"),IF($B$2>L20,"Overdue",IF(L20-$B$2<=1,"Due soon","On track"))))
I21: =IF(G21="","",G21-H21) | L21: =IF(B21="","",WORKDAY(B21,K21)) | N21: =IF(B21="","",IF(M21<>"",NETWORKDAYS(B21,M21)-1,NETWORKDAYS(B21,$B$2)-1)) | O21: =IF(B21="","",IF(M21<>"",IF(M21<=L21,"Met","Missed"),IF($B$2>L21,"Overdue",IF(L21-$B$2<=1,"Due soon","On track"))))
I22: =IF(G22="","",G22-H22) | L22: =IF(B22="","",WORKDAY(B22,K22)) | N22: =IF(B22="","",IF(M22<>"",NETWORKDAYS(B22,M22)-1,NETWORKDAYS(B22,$B$2)-1)) | O22: =IF(B22="","",IF(M22<>"",IF(M22<=L22,"Met","Missed"),IF($B$2>L22,"Overdue",IF(L22-$B$2<=1,"Due soon","On track"))))
I23: =IF(G23="","",G23-H23) | L23: =IF(B23="","",WORKDAY(B23,K23)) | N23: =IF(B23="","",IF(M23<>"",NETWORKDAYS(B23,M23)-1,NETWORKDAYS(B23,$B$2)-1)) | O23: =IF(B23="","",IF(M23<>"",IF(M23<=L23,"Met","Missed"),IF($B$2>L23,"Overdue",IF(L23-$B$2<=1,"Due soon","On track"))))
... I204: =IF(G204="","",G204-H204) | L204: =IF(B204="","",WORKDAY(B204,K204)) | N204: =IF(B204="","",IF(M204<>"",NETWORKDAYS(B204,M204)-1,NETWORKDAYS(B204,$B$2)-1)) | O204: =IF(B204="","",IF(M204<>"",IF(M204<=L204,"Met","Missed"),IF($B$2>L204,"Overdue",IF(L204-$B$2<=1,"Due soon","On track"))))

Sheet Summary
A1: Queue Summary
A3: Total tickets | B3: =COUNTA(Queue!A5:A204)
A4: Open (not closed) | B4: =COUNTA(Queue!A5:A204)-COUNTIF(Queue!J5:J204,"Closed")
A5: Closed | B5: =COUNTIF(Queue!J5:J204,"Closed")
A6: Escalated | B6: =COUNTIF(Queue!J5:J204,"Escalated")
A7: Overdue | B7: =COUNTIF(Queue!O5:O204,"Overdue")
A8: SLA met (closed) | B8: =COUNTIF(Queue!O5:O204,"Met")
A9: SLA compliance % | B9: =IF(B5=0,"",B8/B5)
A10: Avg aging, closed (days) | B10: =IFERROR(AVERAGEIF(Queue!J5:J204,"Closed",Queue!N5:N204),"")
A11: Underpayment variance $ | B11: =SUMIF(Queue!E5:E204,"Underpayment",Queue!I5:I204)
A13: By root cause
A14: Provider error | B14: =COUNTIF(Queue!P5:P204,A14)
A15: Payer error | B15: =COUNTIF(Queue!P5:P204,A15)
A16: Correct adjudication | B16: =COUNTIF(Queue!P5:P204,A16)
A17: Member issue | B17: =COUNTIF(Queue!P5:P204,A17)
